word,part_of_speech,definition,source_image,confidence
abbreviate,v.,to shorten,IMG_2031.JPG,1.0
abdicate,v.,to give up power,IMG_2031.JPG,1.0
abhor,v.,despise,IMG_2031.JPG,1.0
abide,v.,"to follow, observe",IMG_2031.JPG,1.0
abnormal,adj.,"not normal, average",IMG_2031.JPG,1.0
abode,n.,residence,IMG_2031.JPG,1.0
abrasive,adj.,irritating,IMG_2031.JPG,1.0
abrupt,adj.,sudden,IMG_2031.JPG,1.0
absolution,n.,forgiveness,IMG_2031.JPG,1.0
absolve,v.,to free from guilt,IMG_2031.JPG,1.0
abstain,v.,to hold back,IMG_2031.JPG,1.0
abundant,adj.,plentiful,IMG_2031.JPG,1.0
accelerate,v.,advance,IMG_2031.JPG,1.0
acclaim,v.,to praise,IMG_2031.JPG,1.0
accolade,n.,strong praise,IMG_2031.JPG,1.0
accommodate,v.,to make room,IMG_2031.JPG,1.0
accountable,adj.,responsible for,IMG_2031.JPG,1.0
accumulate,v.,to collect,IMG_2031.JPG,1.0
accuse,v.,to blame,IMG_2031.JPG,1.0
acrid,adj.,bitter,IMG_2031.JPG,1.0
adamant,adj.,determined,IMG_2031.JPG,1.0
adaptable,adj.,able to change,IMG_2031.JPG,1.0
adept,adj.,skillful,IMG_2031.JPG,1.0
adhere,v.,"to attach, to stick",IMG_2031.JPG,1.0
adjacent,adj.,next to,IMG_2031.JPG,1.0
admonish,v.,to warn,IMG_2031.JPG,1.0
adorn,v.,to decorate,IMG_2031.JPG,1.0
adversary,n.,opponent,IMG_2031.JPG,1.0
adverse,adj.,opposing,IMG_2031.JPG,1.0
adversity,n.,"difficulty, misfortune",IMG_2031.JPG,1.0
advocate,v.,to support,IMG_2031.JPG,1.0
aesthetic,adj.,about beauty,IMG_2031.JPG,1.0
affluent,adj.,wealthy,IMG_2031.JPG,1.0
affront,n.,deliberate act,IMG_2031.JPG,1.0
aggravate,v.,to make worse,IMG_2031.JPG,1.0
aggressive,adj.,forceful,IMG_2031.JPG,1.0
agitate,v.,"to shake, disturb",IMG_2031.JPG,1.0
ailment,n.,mild illness,IMG_2031.JPG,1.0
ajar,adj.,slightly open,IMG_2031.JPG,1.0
alleviate,v.,to lessen,IMG_2031.JPG,1.0
allocate,v.,to give out,IMG_2031.JPG,1.0
allot,v.,"to allocate, to give out",IMG_2031.JPG,1.0
aloof,adj.,indifferent,IMG_2031.JPG,1.0
alter,v.,change,IMG_2031.JPG,1.0
altercation,n.,disagreement,IMG_2031.JPG,1.0
altruistic,adj.,unselfish,IMG_2031.JPG,1.0
amass,v.,"to gather, to accumulate",IMG_2031.JPG,1.0
ambiguous,adj.,unclear,IMG_2031.JPG,1.0
ambivalent,adj.,uncertain,IMG_2031.JPG,1.0
amiable,adj.,friendly,IMG_2031.JPG,1.0
amicable,adj.,"civil, cordial",IMG_2031.JPG,1.0
amiss,adj.,wrong,IMG_2031.JPG,1.0
ample,adj.,"plenty, enough",IMG_2031.JPG,1.0
amplify,v.,to increase,IMG_2031.JPG,1.0
analyze,v.,to examine,IMG_2031.JPG,1.0
anecdote,n.,story,IMG_2031.JPG,1.0
animate,v.,to make alive,IMG_2031.JPG,1.0
animosity,n.,hostility,IMG_2031.JPG,1.0
antagonist,n.,"opponent, enemy",IMG_2031.JPG,1.0
antagonize,v.,to provoke,IMG_2031.JPG,1.0
anticipate,v.,foresee,IMG_2031.JPG,1.0
antidote,n.,a cure for poison,IMG_2031.JPG,1.0
apathy,n.,indifference,IMG_2031.JPG,1.0
apex,n.,peak,IMG_2031.JPG,1.0
appalling,adj.,shocking,IMG_2031.JPG,1.0
appeal,n.,urgent request,IMG_2031.JPG,1.0
apprehensive,adj.,nervous,IMG_2031.JPG,1.0
arbitrary,adj.,based on a whim,IMG_2031.JPG,1.0
archaic,adj.,very old,IMG_2031.JPG,1.0
arduous,adj.,difficult,IMG_2031.JPG,1.0
arid,adj.,dry,IMG_2031.JPG,1.0
arrogant,adj.,"pompous, cocky",IMG_2031.JPG,1.0
asperity,n.,harshness of tone,IMG_2031.JPG,1.0
aspire,v.,to strive,IMG_2031.JPG,1.0
assent,v.,to agree,IMG_2031.JPG,1.0
assist,v.,to help,IMG_2031.JPG,1.0
astute,adj.,sharp,IMG_2031.JPG,1.0
atone,v.,to make amends,IMG_2031.JPG,1.0
atrocious,adj.,awful,IMG_2031.JPG,1.0
atypical,adj.,unusual,IMG_2031.JPG,1.0
audible,adj.,able to be heard,IMG_2031.JPG,1.0
augment,v.,to make greater,IMG_2032.JPG,1.0
authentic,adj.,real,IMG_2032.JPG,1.0
averse,adj.,opposed to,IMG_2032.JPG,1.0
avert,v.,to avoid,IMG_2032.JPG,1.0
avid,adj.,eager,IMG_2032.JPG,1.0
baffle,v.,to confuse,IMG_2032.JPG,1.0
banal,adj.,boring,IMG_2032.JPG,1.0
banter,n.,teasing,IMG_2032.JPG,1.0
barter,v.,to bargain or to negotiate,IMG_2032.JPG,1.0
belated,adj.,after the event,IMG_2032.JPG,1.0
belittle,v.,to put down,IMG_2032.JPG,1.0
belligerent,adj.,warlike,IMG_2032.JPG,1.0
benefit,v.,to gain an advantage,IMG_2032.JPG,1.0
benevolent,adj.,charitable,IMG_2032.JPG,1.0
benign,adj.,favorable,IMG_2032.JPG,1.0
berate,v.,to scold,IMG_2032.JPG,1.0
biased,adj.,partial,IMG_2032.JPG,1.0
bizarre,adj.,odd,IMG_2032.JPG,1.0
blatant,adj.,obvious,IMG_2032.JPG,1.0
bleak,adj.,barren,IMG_2032.JPG,1.0
blithe,adj.,happy,IMG_2032.JPG,1.0
boisterous,adj.,"noisy, rowdy",IMG_2032.JPG,1.0
bolster,v.,to support,IMG_2032.JPG,1.0
brash,adj.,bold,IMG_2032.JPG,1.0
brazen,adj.,bold,IMG_2032.JPG,1.0
brisk,adj.,"fast, active",IMG_2032.JPG,1.0
broach,v.,to bring up,IMG_2032.JPG,1.0
buttress,v.,to reinforce,IMG_2032.JPG,1.0
callous,adj.,careless,IMG_2032.JPG,1.0
candid,adj.,"frank, open",IMG_2032.JPG,1.0
cantankerous,adj.,grouchy,IMG_2032.JPG,1.0
captivate,v.,to enchant,IMG_2032.JPG,1.0
caustic,adj.,corrosive,IMG_2032.JPG,1.0
censure,v.,to criticize harshly,IMG_2032.JPG,1.0
ceremonious,adj.,formal,IMG_2032.JPG,1.0
champion,v.,to defend or support,IMG_2032.JPG,1.0
chaotic,adj.,disorderly,IMG_2032.JPG,1.0
chastise,v.,to scold,IMG_2032.JPG,1.0
cherish,v.,to hold dear,IMG_2032.JPG,1.0
choleric,adj.,irritable,IMG_2032.JPG,1.0
circumvent,v.,to go around,IMG_2032.JPG,1.0
clamor,v.,to make commotion,IMG_2032.JPG,1.0
clandestine,adj.,secretive,IMG_2032.JPG,1.0
clemency,n.,mercy,IMG_2032.JPG,1.0
coarse,adj.,rough,IMG_2032.JPG,1.0
cohesive,adj.,sticking together,IMG_2032.JPG,1.0
collaborate,v.,to work together,IMG_2032.JPG,1.0
commence,v.,to begin,IMG_2032.JPG,1.0
commend,v.,to praise,IMG_2032.JPG,1.0
compassion,n.,sympathy,IMG_2032.JPG,1.0
compel,v.,"to obligate, force",IMG_2032.JPG,1.0
competent,adj.,able,IMG_2032.JPG,1.0
compilation,n.,collection,IMG_2032.JPG,1.0
compile,v.,to collect,IMG_2032.JPG,1.0
complacent,adj.,"at ease, happy",IMG_2032.JPG,1.0
compliant,adj.,inclined to obey rules,IMG_2032.JPG,1.0
comply,v.,"to accept, consent",IMG_2032.JPG,1.0
composure,n.,feeling of calm,IMG_2032.JPG,1.0
comprehensive,adj.,all-inclusive,IMG_2032.JPG,1.0
compromise,v.,to give and take,IMG_2032.JPG,1.0
conceal,v.,to hide,IMG_2032.JPG,1.0
concede,v.,admit,IMG_2032.JPG,1.0
conceited,adj.,overly proud,IMG_2032.JPG,1.0
concise,adj.,to the point,IMG_2032.JPG,1.0
conclude,v.,to end,IMG_2032.JPG,1.0
concord,n.,agreement,IMG_2032.JPG,1.0
concur,v.,to agree,IMG_2032.JPG,1.0
condescend,v.,to stoop or humble,IMG_2032.JPG,1.0
condescending,adj.,snobby,IMG_2032.JPG,1.0
condone,v.,to allow,IMG_2032.JPG,1.0
confiscate,v.,to take away,IMG_2032.JPG,1.0
conflagration,n.,a destructive fire,IMG_2032.JPG,1.0
congenial,adj.,"pleasing, friendly",IMG_2032.JPG,1.0
consequently,adv.,as a result,IMG_2032.JPG,1.0
conservative,adj.,cautious,IMG_2032.JPG,1.0
consolidate,v.,to combine,IMG_2032.JPG,1.0
conspicuous,adj.,obvious,IMG_2032.JPG,1.0
conspiracy,n.,scheme,IMG_2032.JPG,1.0
construct,v.,to build,IMG_2032.JPG,1.0
contagious,adj.,communicable,IMG_2032.JPG,1.0
contaminate,v.,to make impure,IMG_2032.JPG,1.0
contemporary,adj.,modern,IMG_2032.JPG,1.0
content,adj.,satisfied,IMG_2032.JPG,1.0
contort,v.,to twist or bend,IMG_2033.JPG,1.0
contradict,v.,to speak against,IMG_2033.JPG,1.0
contrite,adj.,sorry,IMG_2033.JPG,1.0
contrive,v.,to devise,IMG_2033.JPG,1.0
conundrum,n.,a riddle,IMG_2033.JPG,1.0
conventional,adj.,traditional,IMG_2033.JPG,1.0
corrupt,adj.,dishonest,IMG_2033.JPG,1.0
counterfeit,adj.,fake,IMG_2033.JPG,1.0
courteous,adj.,mannerly,IMG_2033.JPG,1.0
credible,adj.,believable,IMG_2033.JPG,1.0
critical,adj.,fault-finding,IMG_2033.JPG,1.0
crucial,adj.,necessary,IMG_2033.JPG,1.0
culprit,n.,one at fault,IMG_2033.JPG,1.0
culture,n.,"breeding, art",IMG_2033.JPG,1.0
cumulative,adj.,successive adding,IMG_2033.JPG,1.0
cunning,adj.,"sly, scheming",IMG_2033.JPG,1.0
cursory,adj.,hasty,IMG_2033.JPG,1.0
cynical,adj.,doubtful,IMG_2033.JPG,1.0
debilitating,adj.,weakening,IMG_2033.JPG,1.0
debunk,v.,to expose falseness,IMG_2033.JPG,1.0
decipher,v.,to figure out,IMG_2033.JPG,1.0
declare,v.,to announce,IMG_2033.JPG,1.0
decree,v.,to command,IMG_2033.JPG,1.0
defer,v.,to put off,IMG_2033.JPG,1.0
deficient,adj.,lacking,IMG_2033.JPG,1.0
defile,v.,"violate, corrupt",IMG_2033.JPG,1.0
delay,v.,"suspend, put off",IMG_2033.JPG,1.0
delegate,v.,to assign,IMG_2033.JPG,1.0
delicate,adj.,fragile,IMG_2033.JPG,1.0
delinquent,adj.,overdue,IMG_2033.JPG,1.0
deplete,v.,to consume or use up,IMG_2033.JPG,1.0
deplorable,adj.,shameful,IMG_2033.JPG,1.0
derelict,adj.,neglected,IMG_2033.JPG,1.0
desecrate,v.,to violate,IMG_2033.JPG,1.0
desist,v.,to stop,IMG_2033.JPG,1.0
despair,n.,loss of hope,IMG_2033.JPG,1.0
destitute,adj.,very poor,IMG_2033.JPG,1.0
deter,v.,to hinder,IMG_2033.JPG,1.0
detrimental,adj.,harmful,IMG_2033.JPG,1.0
deviate,v.,to stray from,IMG_2033.JPG,1.0
devious,adj.,"tricky, sneaky",IMG_2033.JPG,1.0
dexterity,n.,aptitude,IMG_2033.JPG,1.0
diction,n.,speech,IMG_2033.JPG,1.0
dilapidated,adj.,falling apart,IMG_2033.JPG,1.0
diligent,adj.,showing carefulness,IMG_2033.JPG,1.0
diminish,v.,to decrease,IMG_2033.JPG,1.0
disadvantage,n.,a hurt or loss,IMG_2033.JPG,1.0
disagreement,n.,"controversy, conflict",IMG_2033.JPG,1.0
discern,v.,to discover,IMG_2033.JPG,1.0
disclose,v.,to reveal,IMG_2033.JPG,1.0
discredit,v.,to cause disbelief,IMG_2033.JPG,1.0
discrete,adj.,separate or distinct,IMG_2033.JPG,1.0
discriminate,v.,to show prejudice,IMG_2033.JPG,1.0
disdain,n.,hate or indifference,IMG_2033.JPG,1.0
disheveled,adj.,messy,IMG_2033.JPG,1.0
dismal,adj.,dreary,IMG_2033.JPG,1.0
dismantle,v.,to take apart,IMG_2033.JPG,1.0
disparage,v.,to belittle,IMG_2033.JPG,1.0
dispute,v.,to argue,IMG_2033.JPG,1.0
disregard,v.,to ignore,IMG_2033.JPG,1.0
dissent,n.,lack of agreement,IMG_2033.JPG,1.0
distinct,adj.,separate,IMG_2033.JPG,1.0
distort,v.,to alter,IMG_2033.JPG,1.0
distraught,adj.,upset,IMG_2033.JPG,1.0
distribute,v.,"to separate, place",IMG_2033.JPG,1.0
diverse,adj.,different,IMG_2033.JPG,1.0
divulge,v.,to reveal,IMG_2033.JPG,1.0
docile,adj.,tame,IMG_2033.JPG,1.0
dominate,v.,"to overpower, defeat",IMG_2033.JPG,1.0
dormant,adj.,inactive,IMG_2033.JPG,1.0
dubious,adj.,doubtful,IMG_2033.JPG,1.0
durable,adj.,"sturdy, strong",IMG_2033.JPG,1.0
duress,n.,"threat, hardship",IMG_2033.JPG,1.0
eccentric,adj.,unusual,IMG_2033.JPG,1.0
ecstatic,adj.,very happy,IMG_2033.JPG,1.0
edible,adj.,meant to be eaten,IMG_2033.JPG,1.0
effusive,adj.,expressing pleasure,IMG_2033.JPG,1.0
elated,adj.,"excited, happy",IMG_2033.JPG,1.0
elegant,adj.,"classy, graceful",IMG_2033.JPG,1.0
elicit,v.,"to evoke, draw out",IMG_2033.JPG,1.0
elite,adj.,the best,IMG_2033.JPG,1.0
eloquent,adj.,skillful with words,IMG_2033.JPG,1.0
elude,v.,"to evade, escape",IMG_2034.JPG,1.0
elusive,adj.,hard to grab,IMG_2034.JPG,1.0
fluctuate,v.,to vary,IMG_2034.JPG,1.0
foresight,n.,"awareness, preparedness",IMG_2034.JPG,1.0
emancipate,v.,to free,IMG_2034.JPG,1.0
forfeit,v.,to give up,IMG_2034.JPG,1.0
embark,v.,to begin a journey,IMG_2034.JPG,1.0
embellish,v.,"to decorate, beautify",IMG_2034.JPG,1.0
formidable,adj.,awesome,IMG_2034.JPG,1.0
frantic,adj.,"distraught, worried",IMG_2034.JPG,1.0
enamored,adj.,infatuated,IMG_2034.JPG,1.0
frenetic,adj.,energetic,IMG_2034.JPG,1.0
encroach,v.,to trespass,IMG_2034.JPG,1.0
frivolous,adj.,trivial,IMG_2034.JPG,1.0
endanger,v.,to threaten,IMG_2034.JPG,1.0
endorse,v.,"to advocate, to support",IMG_2034.JPG,1.0
frugal,adj.,thrifty,IMG_2034.JPG,1.0
fugitive,n.,"someone escaping",IMG_2034.JPG,1.0
endure,v.,to get through,IMG_2034.JPG,1.0
fundamental,adj.,basic,IMG_2034.JPG,1.0
enhance,v.,to improve,IMG_2034.JPG,1.0
futile,adj.,ineffective,IMG_2034.JPG,1.0
enigma,n.,a puzzle,IMG_2034.JPG,1.0
ensure,v.,to guarantee,IMG_2034.JPG,1.0
garrulous,adj.,chatty,IMG_2034.JPG,1.0
enthrall,v.,to enchant,IMG_2034.JPG,1.0
gaunt,adj.,"thin, bleak",IMG_2034.JPG,1.0
enumerate,v.,to name individually,IMG_2034.JPG,1.0
generate,v.,to make,IMG_2034.JPG,1.0
envious,adj.,jealous,IMG_2034.JPG,1.0
epitome,n.,"perfect example",IMG_2034.JPG,1.0
generous,adj.,giving,IMG_2034.JPG,1.0
genial,adj.,"pleasant, gracious",IMG_2034.JPG,1.0
eradicate,v.,to eliminate,IMG_2034.JPG,1.0
gingerly,adv.,cautious,IMG_2034.JPG,1.0
erratic,adj.,unpredictable,IMG_2034.JPG,1.0
gist,n.,"direction, idea",IMG_2034.JPG,1.0
erroneous,adj.,incorrect,IMG_2034.JPG,1.0
grandiose,adj.,extravagant,IMG_2034.JPG,1.0
essential,adj.,necessary,IMG_2034.JPG,1.0
gratify,v.,to satisfy,IMG_2034.JPG,1.0
ethical,adj.,moral,IMG_2034.JPG,1.0
grave,adj.,serious,IMG_2034.JPG,1.0
eulogy,n.,"speech of praise",IMG_2034.JPG,1.0
gregarious,adj.,"friendly, social",IMG_2034.JPG,1.0
excerpt,n.,part of the whole,IMG_2034.JPG,1.0
grueling,adj.,exhausting,IMG_2034.JPG,1.0
exempt,adj.,not required to,IMG_2034.JPG,1.0
gullible,adj.,"easily deceived",IMG_2034.JPG,1.0
exhibit,v.,to display,IMG_2034.JPG,1.0
gusto,n.,"spunk, liveliness",IMG_2034.JPG,1.0
exonerate,v.,to free of blame,IMG_2034.JPG,1.0
exorbitant,adj.,excessive,IMG_2034.JPG,1.0
hamper,v.,"to hinder or slow",IMG_2034.JPG,1.0
expedient,adj.,advantageous,IMG_2034.JPG,1.0
hapless,adj.,unlucky,IMG_2034.JPG,1.0
expedite,v.,to speed up,IMG_2034.JPG,1.0
harbor,v.,to protect,IMG_2034.JPG,1.0
harmonious,adj.,agreeable,IMG_2034.JPG,1.0
fabricate,v.,"to dream up, to contrive",IMG_2034.JPG,1.0
hasten,v.,to speed up,IMG_2034.JPG,1.0
fallacy,n.,false belief,IMG_2034.JPG,1.0
haughty,adj.,arrogant,IMG_2034.JPG,1.0
feasible,adj.,possible,IMG_2034.JPG,1.0
hinder,v.,to get in the way of,IMG_2034.JPG,1.0
feeble,adj.,weak,IMG_2034.JPG,1.0
hindrance,n.,something in the way,IMG_2034.JPG,1.0
feign,v.,to pretend,IMG_2034.JPG,1.0
humane,adj.,"compassionate, kind",IMG_2034.JPG,1.0
festive,adj.,joyous,IMG_2034.JPG,1.0
humble,adj.,modest,IMG_2034.JPG,1.0
fiendish,adj.,devilish,IMG_2034.JPG,1.0
hybrid,n.,mixture,IMG_2034.JPG,1.0
flagrant,adj.,blatant,IMG_2034.JPG,1.0
hypothesis,n.,formulation,IMG_2034.JPG,1.0
flair,n.,ability,IMG_2034.JPG,1.0
flaunt,v.,to show off,IMG_2034.JPG,1.0
illiterate,adj.,unable to read,IMG_2034.JPG,1.0
illustrious,adj.,celebrated,IMG_2034.JPG,1.0
flexible,adj.,"easily changed",IMG_2034.JPG,1.0
florid,adj.,elaborate,IMG_2034.JPG,1.0
immaculate,adj.,"clean, spotless",IMG_2034.JPG,1.0
immensely,adv.,extremely,IMG_2035.JPG,1.0
inundate,v.,to overload,IMG_2035.JPG,1.0
imminent,adj.,about to happen,IMG_2035.JPG,1.0
invigorate,v.,to give energy to,IMG_2035.JPG,1.0
immune,adj.,unaffected,IMG_2035.JPG,1.0
invincible,adj.,can't be defeated,IMG_2035.JPG,1.0
impair,v.,to damage,IMG_2035.JPG,1.0
irate,adj.,angry,IMG_2035.JPG,1.0
impartial,adj.,unprejudiced,IMG_2035.JPG,1.0
irrational,adj.,nonsensical,IMG_2035.JPG,1.0
impeccable,adj.,flawless,IMG_2035.JPG,1.0
irrelevant,adj.,beside the point,IMG_2035.JPG,1.0
impede,v.,to obstruct,IMG_2035.JPG,1.0
isolate,v.,to separate,IMG_2035.JPG,1.0
impediment,n.,a hindrance,IMG_2035.JPG,1.0
isolated,adj.,"unique, alone",IMG_2035.JPG,1.0
imperative,adj.,important,IMG_2035.JPG,1.0
impulsive,adj.,without thought,IMG_2035.JPG,1.0
jeer,v.,to mock,IMG_2035.JPG,1.0
incensed,adj.,angry,IMG_2035.JPG,1.0
jeopardize,v.,to put at risk,IMG_2035.JPG,1.0
incessant,adj.,never ending,IMG_2035.JPG,1.0
jovial,adj.,happy,IMG_2035.JPG,1.0
incompetent,adj.,incapable,IMG_2035.JPG,1.0
jubilant,adj.,showing joy,IMG_2035.JPG,1.0
inconspicuous,adj.,hidden,IMG_2035.JPG,1.0
incriminate,v.,to accuse,IMG_2035.JPG,1.0
keen,adj.,"smart, quick",IMG_2035.JPG,1.0
indecent,adj.,offensive,IMG_2035.JPG,1.0
indifferent,adj.,not caring,IMG_2035.JPG,1.0
knoll,n.,small hill,IMG_2035.JPG,1.0
indispensable,adj.,necessary,IMG_2035.JPG,1.0
induce,v.,to cause or start,IMG_2035.JPG,1.0
lament,v.,"to mourn, to grieve",IMG_2035.JPG,1.0
induct,v.,to put in office,IMG_2035.JPG,1.0
latitude,n.,space to move,IMG_2035.JPG,1.0
inert,adj.,not moving,IMG_2035.JPG,1.0
lavish,adj.,"expensive, fancy",IMG_2035.JPG,1.0
inevitable,adj.,unavoidable,IMG_2035.JPG,1.0
legitimate,adj.,"valid, real",IMG_2035.JPG,1.0
infamous,adj.,bad reputation,IMG_2035.JPG,1.0
lenient,adj.,"tolerant, permissive",IMG_2035.JPG,1.0
infinite,adj.,without limit,IMG_2035.JPG,1.0
lethargic,adj.,without energy,IMG_2035.JPG,1.0
infirmity,n.,weakness,IMG_2035.JPG,1.0
liberate,v.,to set free,IMG_2035.JPG,1.0
infringe,v.,violate,IMG_2035.JPG,1.0
linger,v.,to stay around,IMG_2035.JPG,1.0
inordinate,adj.,excessive,IMG_2035.JPG,1.0
listlessness,n.,sluggishness,IMG_2035.JPG,1.0
inquisitive,adj.,curious,IMG_2035.JPG,1.0
livid,adj.,enraged,IMG_2035.JPG,1.0
insinuate,v.,to imply,IMG_2035.JPG,1.0
loathe,v.,to hate,IMG_2035.JPG,1.0
insipid,adj.,dull,IMG_2035.JPG,1.0
lofty,adj.,"elevated, superior",IMG_2035.JPG,1.0
insolent,adj.,disrespectful,IMG_2035.JPG,1.0
lucid,adj.,easy to understand,IMG_2035.JPG,1.0
instigate,v.,"to initiate, to plot",IMG_2035.JPG,1.0
lucrative,adj.,well paid,IMG_2035.JPG,1.0
instill,v.,to firmly establish,IMG_2035.JPG,1.0
instinctively,adj.,automatic,IMG_2035.JPG,1.0
maintain,v.,to continue,IMG_2035.JPG,1.0
intact,adj.,in one piece,IMG_2035.JPG,1.0
malcontent,adj.,unhappy,IMG_2035.JPG,1.0
integrity,n.,honesty,IMG_2035.JPG,1.0
malice,n.,desire to harm,IMG_2035.JPG,1.0
interfere,v.,to intervene,IMG_2035.JPG,1.0
malignant,adj.,dangerous,IMG_2035.JPG,1.0
interminable,adj.,unending,IMG_2035.JPG,1.0
interval,n.,"gap, interspace",IMG_2035.JPG,1.0
malleable,adj.,able to be changed,IMG_2035.JPG,1.0
mandate,v.,to order,IMG_2035.JPG,1.0
intimidate,v.,to frighten,IMG_2035.JPG,1.0
mar,v.,to damage,IMG_2035.JPG,1.0
intricate,adj.,detailed,IMG_2035.JPG,1.0
meager,adj.,inadequate,IMG_2035.JPG,1.0
intriguing,adj.,interesting,IMG_2035.JPG,1.0
meander,v.,wander aimlessly,IMG_2035.JPG,1.0
intrusive,adj.,unwelcomed,IMG_2035.JPG,1.0
mediocre,adj.,adequate,IMG_2035.JPG,1.0
meek,adj.,"shy, compliant",IMG_2036.JPG,1.0
melancholy,adj.,sad,IMG_2036.JPG,1.0
merge,v.,"to combine, incorporate",IMG_2036.JPG,1.0
merit,n.,"praise, excellence",IMG_2036.JPG,1.0
meticulous,adj.,precise,IMG_2036.JPG,1.0
misconception,n.,wrong idea,IMG_2036.JPG,1.0
miscreant,n.,villain,IMG_2036.JPG,1.0
mitigate,v.,to lessen,IMG_2036.JPG,1.0
modify,v.,"to change, adjust",IMG_2036.JPG,1.0
monotonous,adj.,boring,IMG_2036.JPG,1.0
moral,adj.,ethical,IMG_2036.JPG,1.0
morose,adj.,gloomy,IMG_2036.JPG,1.0
muddle,v.,to make a mess,IMG_2036.JPG,1.0
mundane,adj.,"usual, ordinary",IMG_2036.JPG,1.0
municipality,n.,community,IMG_2036.JPG,1.0
mythical,adj.,existing in myth,IMG_2036.JPG,1.0
naive,adj.,trusting,IMG_2036.JPG,1.0
negligent,adj.,careless,IMG_2036.JPG,1.0
nimble,adj.,moving with ease,IMG_2036.JPG,1.0
nocturnal,adj.,happening at night,IMG_2036.JPG,1.0
noisome,adj.,offensive,IMG_2036.JPG,1.0
nomad,n.,one who moves often,IMG_2036.JPG,1.0
nomadic,adj.,wandering,IMG_2036.JPG,1.0
nonchalant,adj.,easygoing,IMG_2036.JPG,1.0
notorious,adj.,infamous,IMG_2036.JPG,1.0
novice,n.,beginner,IMG_2036.JPG,1.0
noxious,adj.,deadly,IMG_2036.JPG,1.0
objective,adj.,unbiased,IMG_2036.JPG,1.0
obliterate,v.,to eliminate,IMG_2036.JPG,1.0
oblivious,adj.,unaware,IMG_2036.JPG,1.0
obscure,v.,to conceal,IMG_2036.JPG,1.0
obsolete,adj.,outdated,IMG_2036.JPG,1.0
obstacle,n.,"deterrent, hurdle",IMG_2036.JPG,1.0
obstruct,v.,to block,IMG_2036.JPG,1.0
ominous,adj.,foretelling,IMG_2036.JPG,1.0
omnipotent,adj.,all powerful,IMG_2036.JPG,1.0
opaque,adj.,cloudy,IMG_2036.JPG,1.0
opulent,adj.,luxurious,IMG_2036.JPG,1.0
oration,n.,a speech,IMG_2036.JPG,1.0
ornate,adj.,"fancy, decorated",IMG_2036.JPG,1.0
orthodox,adj.,traditional,IMG_2036.JPG,1.0
ostracize,v.,to exclude,IMG_2036.JPG,1.0
pacify,v.,to calm,IMG_2036.JPG,1.0
palatable,adj.,pleasant in taste,IMG_2036.JPG,1.0
paltry,adj.,"meager, cheap",IMG_2036.JPG,1.0
parched,adj.,thirsty,IMG_2036.JPG,1.0
passive,adj.,not aggressive,IMG_2036.JPG,1.0
pathetic,adj.,"sad, pitiful",IMG_2036.JPG,1.0
patron,n.,"sponsor, advocate",IMG_2036.JPG,1.0
pedigree,n.,line of descent,IMG_2036.JPG,1.0
perceptive,adj.,quick to notice,IMG_2036.JPG,1.0
perpetual,adj.,ongoing,IMG_2036.JPG,1.0
perplex,v.,"to confuse, puzzle",IMG_2036.JPG,1.0
persist,v.,to continue despite difficulty,IMG_2036.JPG,1.0
perturb,v.,to upset,IMG_2036.JPG,1.0
peruse,v.,to look over,IMG_2036.JPG,1.0
petite,adj.,small,IMG_2036.JPG,1.0
philanthropy,n.,generosity,IMG_2036.JPG,1.0
pilot,v.,to steer,IMG_2036.JPG,1.0
pinnacle,n.,peak,IMG_2036.JPG,1.0
pious,adj.,religious,IMG_2036.JPG,1.0
pivotal,adj.,important,IMG_2036.JPG,1.0
placate,v.,"to calm or pacify",IMG_2036.JPG,1.0
placid,adj.,calm,IMG_2036.JPG,1.0
plausible,adj.,believable,IMG_2036.JPG,1.0
plethora,n.,excess,IMG_2036.JPG,1.0
plight,n.,"unfortunate condition",IMG_2036.JPG,1.0
poise,n.,"balance, equilibrium",IMG_2036.JPG,1.0
poised,adj.,balanced,IMG_2036.JPG,1.0
ponder,v.,to think about,IMG_2036.JPG,1.0
potent,adj.,powerful,IMG_2036.JPG,1.0
precision,n.,"closeness, exactness",IMG_2036.JPG,1.0
precocious,adj.,mentally mature,IMG_2036.JPG,1.0
predominant,adj.,great in number,IMG_2036.JPG,1.0
preface,n.,introduction,IMG_2036.JPG,1.0
premonition,n.,hunch,IMG_2036.JPG,1.0
prerogative,n.,"an official right",IMG_2036.JPG,1.0
preserve,v.,"to keep, to safeguard",IMG_2036.JPG,1.0
pretentious,adj.,overly important,IMG_2036.JPG,1.0
prevalent,adj.,widespread,IMG_2036.JPG,1.0
preview,v.,to view before,IMG_2036.JPG,1.0
squander,v.,to waste,IMG_2038.JPG,1.0
stagnant,adj.,not moving,IMG_2038.JPG,1.0
staunch,adj.,loyal,IMG_2038.JPG,1.0
stealthy,adj.,"secretive, quiet",IMG_2038.JPG,1.0
sterile,adj.,germ-free,IMG_2038.JPG,1.0
stern,adj.,"severe, rigid",IMG_2038.JPG,1.0
stimulate,v.,to provoke,IMG_2038.JPG,1.0
strife,n.,a struggle,IMG_2038.JPG,1.0
stringent,adj.,rigid,IMG_2038.JPG,1.0
subsequent,adj.,following,IMG_2038.JPG,1.0
substantial,adj.,"important, significant",IMG_2038.JPG,1.0
subtle,adj.,"indirect, faint",IMG_2038.JPG,1.0
succinct,adj.,"to the point, brief",IMG_2038.JPG,1.0
suitable,adj.,"appropriate, adequate",IMG_2038.JPG,1.0
sullen,adj.,gloomy,IMG_2038.JPG,1.0
superficial,adj.,near the surface,IMG_2038.JPG,1.0
superfluous,adj.,"excessive, unnecessary",IMG_2038.JPG,1.0
suppress,v.,"to prevent, to constrain",IMG_2038.JPG,1.0
surge,n.,a rush,IMG_2038.JPG,1.0
surplus,n.,an excess,IMG_2038.JPG,1.0
sustain,v.,to keep going,IMG_2038.JPG,1.0
swelter,v.,to be very warm,IMG_2038.JPG,1.0
sympathy,n.,"sorrow, compassion",IMG_2038.JPG,1.0
taciturn,adj.,quiet,IMG_2038.JPG,1.0
tactile,adj.,relative to touch,IMG_2038.JPG,1.0
taint,v.,to pollute,IMG_2038.JPG,1.0
tangible,adj.,able to be touched,IMG_2038.JPG,1.0
tarnish,v.,"to damage, blemish",IMG_2038.JPG,1.0
taunt,v.,to tease,IMG_2038.JPG,1.0
tedious,adj.,"dull, time-consuming",IMG_2038.JPG,1.0
temperate,adj.,"mild, moderate",IMG_2038.JPG,1.0
tempest,n.,a violent windstorm,IMG_2038.JPG,1.0
tenacious,adj.,persistent,IMG_2038.JPG,1.0
tense,adj.,"nervous, anxious, rigid",IMG_2038.JPG,1.0
tenuous,adj.,"weak, fragile",IMG_2038.JPG,1.0
terse,adj.,to the point,IMG_2038.JPG,1.0
thrive,v.,to do well,IMG_2038.JPG,1.0
throb,v.,pulse,IMG_2038.JPG,1.0
timid,adj.,shy,IMG_2038.JPG,1.0
tirade,n.,"a long outburst",IMG_2038.JPG,1.0
tolerant,adj.,accepting,IMG_2038.JPG,1.0
toxic,adj.,poisonous,IMG_2038.JPG,1.0
trance,n.,stupor,IMG_2038.JPG,1.0
transform,v.,"to change completely",IMG_2038.JPG,1.0
transgression,n.,"a violation of a law, a misdoing",IMG_2038.JPG,1.0
transient,adj.,passing quickly,IMG_2038.JPG,1.0
transitory,adj.,"brief, fleeting",IMG_2038.JPG,1.0
translucent,adj.,clear,IMG_2038.JPG,1.0
traverse,v.,to cross,IMG_2038.JPG,1.0
tremble,v.,to shake,IMG_2038.JPG,1.0
trivial,adj.,unimportant,IMG_2038.JPG,1.0
truant,n.,one who is absent,IMG_2038.JPG,1.0
turmoil,n.,"an uneasy state",IMG_2038.JPG,1.0
tycoon,n.,one with money,IMG_2038.JPG,1.0
tyrant,n.,"an unjust ruler",IMG_2038.JPG,1.0
ultimate,adj.,"last, highest",IMG_2038.JPG,1.0
undaunted,adj.,not discouraged,IMG_2038.JPG,1.0
undermine,v.,weaken,IMG_2038.JPG,1.0
uniform,adj.,the same,IMG_2038.JPG,1.0
unique,adj.,the only one,IMG_2038.JPG,1.0
unkempt,adj.,messy,IMG_2038.JPG,1.0
unorthodox,adj.,not traditional,IMG_2038.JPG,1.0
unqualified,adj.,"not fit, inexperienced",IMG_2038.JPG,1.0
unsung,adj.,overlooked,IMG_2038.JPG,1.0
usurp,v.,to take over,IMG_2038.JPG,1.0
utilize,v.,to use,IMG_2038.JPG,1.0
utmost,adj.,"highest, best",IMG_2038.JPG,1.0
vacant,adj.,empty,IMG_2038.JPG,1.0
vague,adj.,unclear,IMG_2038.JPG,1.0
vain,adj.,egotistical,IMG_2038.JPG,1.0
valid,adj.,"right, genuine",IMG_2038.JPG,1.0
validate,v.,to approve,IMG_2038.JPG,1.0
vanquish,v.,to conquer,IMG_2038.JPG,1.0
variegated,adj.,mixed in color,IMG_2038.JPG,1.0
verbose,adj.,wordy,IMG_2038.JPG,1.0
verge,n.,brink,IMG_2038.JPG,1.0
viable,adj.,reasonable,IMG_2038.JPG,1.0
vicious,adj.,"cruel, violent",IMG_2038.JPG,1.0
vigilant,adj.,watchful,IMG_2038.JPG,1.0
vigorous,adj.,energetic,IMG_2038.JPG,1.0
vindicate,v.,to confirm,IMG_2038.JPG,1.0
virtually,adv.,essentially,IMG_2038.JPG,1.0
principal,adj.,main,IMG_2037.JPG,1.0
prior,adj.,before,IMG_2037.JPG,1.0
proclaim,v.,to announce,IMG_2037.JPG,1.0
procrastinate,v.,to put off,IMG_2037.JPG,1.0
proficient,adj.,skillful,IMG_2037.JPG,1.0
prohibit,v.,to forbid,IMG_2037.JPG,1.0
prolific,adj.,"creative, productive",IMG_2037.JPG,1.0
prolong,v.,to lengthen,IMG_2037.JPG,1.0
prompt,adj.,on time,IMG_2037.JPG,1.0
provoke,v.,to anger,IMG_2037.JPG,1.0
prudent,adj.,careful,IMG_2037.JPG,1.0
pungent,adj.,sharp smelling,IMG_2037.JPG,1.0
pursue,v.,to follow,IMG_2037.JPG,1.0
qualified,adj.,accomplished,IMG_2037.JPG,1.0
quandary,n.,dilemma,IMG_2037.JPG,1.0
quarrelsome,adj.,disagreeable,IMG_2037.JPG,1.0
quench,v.,to put out,IMG_2037.JPG,1.0
querulous,adj.,complaining,IMG_2037.JPG,1.0
radiant,adj.,beaming,IMG_2037.JPG,1.0
radical,adj.,extreme,IMG_2037.JPG,1.0
rampant,adj.,widespread,IMG_2037.JPG,1.0
ratify,v.,to approve,IMG_2037.JPG,1.0
rational,adj.,reasonable,IMG_2037.JPG,1.0
ravenous,adj.,starving,IMG_2037.JPG,1.0
recalcitrant,adj.,disobedient,IMG_2037.JPG,1.0
reclusive,adj.,isolated,IMG_2037.JPG,1.0
reconcile,v.,to resolve,IMG_2037.JPG,1.0
rectify,v.,to fix,IMG_2037.JPG,1.0
recuperate,v.,to recover,IMG_2037.JPG,1.0
redundant,adj.,repetitious,IMG_2037.JPG,1.0
refine,v.,"to improve, purify",IMG_2037.JPG,1.0
reflective,adj.,thoughtful,IMG_2037.JPG,1.0
refurbish,v.,to fix up,IMG_2037.JPG,1.0
refute,v.,to contradict,IMG_2037.JPG,1.0
regimen,n.,routine,IMG_2037.JPG,1.0
reimburse,v.,to pay back,IMG_2037.JPG,1.0
rejuvenate,v.,to make new again,IMG_2037.JPG,1.0
relic,n.,antique,IMG_2037.JPG,1.0
relinquish,v.,to release,IMG_2037.JPG,1.0
reluctance,n.,hesitation,IMG_2037.JPG,1.0
remorse,n.,sense of guilt,IMG_2037.JPG,1.0
repeal,v.,"to revoke, rescind",IMG_2037.JPG,1.0
replenish,v.,"to refill, to put back",IMG_2037.JPG,1.0
reprimand,v.,to scold,IMG_2037.JPG,1.0
reprisal,n.,retaliation,IMG_2037.JPG,1.0
reproach,v.,to express disapproval,IMG_2037.JPG,1.0
reputable,adj.,distinguished,IMG_2037.JPG,1.0
resolve,v.,"to decide, to agree",IMG_2037.JPG,1.0
restore,v.,to make new,IMG_2037.JPG,1.0
resume,v.,to continue,IMG_2037.JPG,1.0
retain,v.,to keep,IMG_2037.JPG,1.0
reticent,adj.,quiet,IMG_2037.JPG,1.0
retort,n.,witty response,IMG_2037.JPG,1.0
retract,v.,to take back,IMG_2037.JPG,1.0
revere,v.,to admire,IMG_2037.JPG,1.0
revive,v.,"to bring back to life",IMG_2037.JPG,1.0
rickety,adj.,flimsy,IMG_2037.JPG,1.0
rigor,n.,"adversity, difficulty",IMG_2037.JPG,1.0
rigorous,adj.,"harsh, exact",IMG_2037.JPG,1.0
robust,adj.,"strong, healthy",IMG_2037.JPG,1.0
routine,adj.,"ordinary, normal",IMG_2037.JPG,1.0
sage,adj.,wise,IMG_2037.JPG,1.0
sage,n.,a wise person,IMG_2037.JPG,1.0
salvage,v.,save from,IMG_2037.JPG,1.0
satiate,v.,"to fill, to satisfy",IMG_2037.JPG,1.0
saunter,v.,"to linger, to stroll",IMG_2037.JPG,1.0
scheme,n.,"a ploy or trick",IMG_2037.JPG,1.0
scrutinize,v.,"to inspect, to analyze",IMG_2037.JPG,1.0
sedentary,adj.,need for sitting,IMG_2037.JPG,1.0
serene,adj.,calm,IMG_2037.JPG,1.0
sever,v.,to cut off,IMG_2037.JPG,1.0
severe,adj.,harsh,IMG_2037.JPG,1.0
shrewd,adj.,clever,IMG_2037.JPG,1.0
significant,adj.,important,IMG_2037.JPG,1.0
simulate,v.,to imitate,IMG_2037.JPG,1.0
skeptical,adj.,doubtful,IMG_2037.JPG,1.0
slovenly,adj.,"dirty, careless",IMG_2037.JPG,1.0
solace,n.,comfort,IMG_2037.JPG,1.0
somber,adj.,gloomy,IMG_2037.JPG,1.0
sparse,adj.,"scarce, limited",IMG_2037.JPG,1.0
spiteful,adj.,malicious,IMG_2037.JPG,1.0
spontaneous,adj.,impulsive,IMG_2037.JPG,1.0
sporadic,adj.,intermittent,IMG_2037.JPG,1.0
vital,adj.,essential,IMG_2039.JPG,1.0
vitality,n.,"energy, spirit",IMG_2039.JPG,1.0
vivacious,adj.,"lively, full of life",IMG_2039.JPG,1.0
voracious,adj.,hungry,IMG_2039.JPG,1.0
volatile,adj.,quickly changing,IMG_2039.JPG,1.0
vulgar,adj.,rude,IMG_2039.JPG,1.0
vulnerable,adj.,defenseless,IMG_2039.JPG,1.0
wage,n.,"compensation, pay",IMG_2039.JPG,1.0
wage,v.,to do or to conduct,IMG_2039.JPG,1.0
wary,adj.,cautious,IMG_2039.JPG,1.0
waver,v.,to go back and forth,IMG_2039.JPG,1.0
wearisome,adj.,tiresome,IMG_2039.JPG,1.0
weary,adj.,exhausted,IMG_2039.JPG,1.0
whimsical,adj.,carefree,IMG_2039.JPG,1.0
wily,adj.,"crafty, sly",IMG_2039.JPG,1.0
wretched,adj.,miserable,IMG_2039.JPG,1.0
yearn,v.,to want,IMG_2039.JPG,1.0
youthful,adj.,young,IMG_2039.JPG,1.0
zeal,n.,eager desire,IMG_2039.JPG,1.0
zealot,n.,fanatic,IMG_2039.JPG,1.0
zenith,n.,"the top, peak",IMG_2039.JPG,1.0
